{"player_position":[434.00000000,812.00000000],"player_health":100,"current_level":0,"enemy_positions":[[407.00000000,432.00000000],[299.00000000,300.00000000]]}