{"player_position":[0.00000000,490.00000000],"player_health":100,"current_level":0,"enemy_positions":[[400.00000000,400.00000000],[300.00000000,300.00000000]]}